{"random": [4.670366902271578, 7.088228531462706, 12.600616275927312, 18.495841266612004, 22.513487389920048, 28.149577616403445, 32.54351725776411, 38.23562040905139, 42.27151091225114, 46.76458798485377, 50.7740800331043, 54.96392149982764, 59.91631574793889, 64.13847586653823, 68.91331980845568, 73.19816197204213, 76.69167191645214, 80.7290349503468, 86.33825214029136, 89.99483646487812, 93.45019373827719, 97.38890986838133, 101.49946280027693, 106.99983736325069, 111.49422296753661, 116.05994258120089, 121.10781599104443, 123.99629596709572, 128.08511727694963, 133.5434310295922, 138.6300624231996, 143.43535981929958, 146.95464941465943, 150.7542358292921, 153.0245673274044, 155.55819555455298, 160.7164870364363, 163.72597908468683, 168.5496464519274, 172.79268310552837, 175.3287014376761, 180.3234510960662, 182.3598458860785, 186.98574098086885, 190.70291346216717, 193.8887295768572, 197.8274251341255, 201.77808497239033, 203.72638555624948, 207.92136321900873, 210.95556165591367, 215.31058538976254, 220.34647589296227, 224.25874020301288, 227.16061329150264, 230.16886149964034, 234.69421490243047, 237.53854273345627, 240.26736933265477, 245.00945224188786, 249.6710933980928, 254.81021710082558, 259.2289654537275, 263.3674677988796, 268.3202927724771, 270.846997028639, 276.46499018468603, 280.9513106296153, 286.0126433907233, 287.7030579400993, 292.5030655712173, 295.93984475572955, 300.07159955308606, 303.3191003755642, 306.7267229822551, 310.94229435547226, 315.8546782694532, 318.73398604843885, 322.8765307544956, 325.77023757914145, 330.7125607176899, 334.024056187029, 339.2101980817206, 345.4223950510013, 349.5307993691724, 354.1396907791154, 357.01791523002123, 360.810252343208, 364.1106818683013, 369.0649281115284, 374.38345411557077, 378.7024019275857, 383.38835230808456, 386.43089986888526, 389.41587813500263, 394.5176545093085, 399.40028629960364, 400.8455226985649, 402.6985130093086, 407.1444964047567], "etc-seg-explore": [5.670366902271578, 8.088228531462706, 12.600616275927312, 16.495841266612004, 20.513487389920048, 25.149577616403445, 27.54351725776411, 29.235620409051393, 33.27151091225114, 36.76458798485377, 39.7740800331043, 41.96392149982764, 46.91631574793889, 50.13847586653823, 53.91331980845568, 58.19816197204212, 60.69167191645213, 63.72903495034679, 68.33825214029135, 71.99483646487812, 74.45019373827719, 77.38890986838133, 81.49946280027693, 86.99983736325069, 91.49422296753661, 96.05994258120089, 101.10781599104443, 105.99629596709572, 109.08511727694963, 114.5434310295922, 117.63006242319962, 122.43535981929959, 126.95464941465944, 129.75423582929213, 134.02456732740444, 136.558195554553, 141.71648703643632, 144.72597908468686, 147.54964645192743, 152.7926831055284, 157.32870143767613, 160.32345109606624, 164.35984588607852, 167.98574098086888, 171.7029134621672, 175.8887295768572, 179.8274251341255, 184.77808497239033, 187.72638555624948, 190.92136321900873, 193.95556165591367, 198.31058538976254, 202.34647589296227, 206.25874020301288, 209.16061329150264, 213.16886149964034, 216.69421490243047, 219.53854273345627, 223.26736933265477, 228.00945224188786, 233.6710933980928, 237.81021710082558, 243.22896545372748, 246.36746779887963, 251.32029277247716, 254.8469970286391, 260.46499018468614, 263.9513106296154, 269.01264339072344, 269.7030579400994, 273.5030655712174, 276.93984475572967, 282.0715995530862, 285.3191003755643, 288.72672298225524, 292.94229435547237, 296.8546782694533, 300.73398604843896, 302.8765307544957, 306.77023757914156, 310.71256071769, 313.0240561870291, 317.2101980817207, 321.4223950510014, 322.53079936917254, 327.13969077911554, 332.01791523002134, 335.8102523432081, 338.1106818683014, 343.0649281115285, 345.3834541155709, 347.7024019275858, 352.3883523080847, 355.4308998688854, 360.41587813500274, 364.5176545093086, 369.40028629960375, 372.845522698565, 376.6985130093087, 381.1444964047568], "etc-seg-exploit": [4.670366902271578, 7.088228531462706, 11.600616275927312, 17.495841266612004, 22.513487389920048, 27.149577616403445, 31.54351725776411, 34.23562040905139, 38.27151091225114, 42.76458798485377, 45.7740800331043, 48.96392149982764, 53.91631574793889, 58.13847586653823, 62.91331980845568, 67.19816197204213, 71.69167191645214, 75.7290349503468, 77.33825214029136, 80.99483646487812, 84.45019373827719, 89.38890986838133, 93.49946280027693, 96.99983736325069, 101.49422296753661, 107.05994258120089, 111.10781599104443, 115.99629596709572, 118.08511727694963, 120.5434310295922, 125.63006242319962, 129.4353598192996, 130.95464941465946, 135.75423582929213, 139.02456732740444, 143.558195554553, 147.71648703643632, 151.72597908468686, 155.54964645192743, 159.7926831055284, 162.32870143767613, 166.32345109606624, 170.35984588607852, 173.98574098086888, 177.7029134621672, 181.8887295768572, 184.8274251341255, 189.77808497239033, 192.72638555624948, 195.92136321900873, 198.95556165591367, 202.31058538976254, 207.34647589296227, 212.25874020301288, 215.16061329150264, 219.16886149964034, 223.69421490243047, 223.53854273345627, 227.26736933265477, 232.00945224188786, 236.6710933980928, 241.81021710082558, 246.22896545372748, 250.36746779887963, 255.32029277247716, 259.84699702863907, 265.4649901846861, 268.95131062961536, 273.0126433907234, 275.70305794009937, 279.50306557121735, 282.9398447557296, 286.0715995530861, 289.31910037556423, 293.7267229822552, 297.9422943554723, 302.85467826945325, 305.7339860484389, 308.87653075449566, 313.7702375791415, 316.71256071768994, 322.02405618702903, 327.21019808172065, 332.42239505100133, 335.5307993691725, 339.1396907791155, 344.0179152300213, 347.81025234320805, 350.11068186830136, 355.06492811152845, 360.3834541155708, 363.70240192758575, 367.3883523080846, 372.4308998688853, 376.4158781350027, 379.51765450930856, 382.4002862996037, 384.84552269856493, 389.69851300930867, 393.14449640475675], "epsilon-greedy-explore": [4.670366902271578, 9.088228531462706, 12.600616275927312, 18.495841266612004, 20.513487389920048, 26.149577616403445, 30.54351725776411, 35.23562040905139, 39.27151091225114, 42.76458798485377, 46.7740800331043, 50.96392149982764, 54.91631574793889, 59.13847586653823, 61.91331980845568, 64.19816197204213, 68.69167191645214, 70.7290349503468, 74.33825214029136, 77.99483646487812, 78.45019373827719, 82.38890986838133, 85.49946280027693, 88.99983736325069, 92.49422296753661, 97.05994258120089, 100.10781599104443, 103.99629596709572, 106.08511727694963, 107.5434310295922, 110.63006242319962, 113.43535981929959, 117.95464941465944, 120.75423582929213, 124.02456732740444, 127.55819555455301, 128.71648703643632, 132.72597908468686, 135.54964645192743, 137.7926831055284, 141.32870143767613, 142.32345109606624, 143.35984588607852, 146.98574098086888, 150.7029134621672, 152.8887295768572, 154.8274251341255, 157.77808497239033, 159.72638555624948, 161.92136321900873, 164.95556165591367, 168.31058538976254, 169.34647589296227, 173.25874020301288, 177.16061329150264, 178.16886149964034, 181.69421490243047, 185.53854273345627, 189.26736933265477, 193.00945224188786, 195.6710933980928, 199.81021710082558, 202.22896545372748, 203.36746779887963, 205.32029277247716, 207.8469970286391, 209.46499018468612, 213.95131062961536, 216.0126433907234, 218.7030579400994, 223.50306557121735, 222.9398447557296, 227.07159955308612, 228.3191003755642, 232.72672298225513, 234.94229435547228, 237.85467826945322, 239.7339860484389, 242.87653075449566, 247.7702375791415, 249.71256071768997, 253.02405618702906, 255.21019808172065, 258.42239505100133, 260.5307993691725, 263.1396907791155, 267.0179152300213, 269.81025234320805, 273.11068186830136, 276.06492811152845, 279.3834541155708, 278.70240192758575, 279.3883523080846, 282.4308998688853, 285.4158781350027, 286.51765450930856, 287.4002862996037, 289.84552269856493, 288.69851300930867, 292.14449640475675],